,Flow ID,Label
0,86748,Benign
1,137022,Scareware
2,37089,SMS_Malware
3,66205,Adware
4,162097,Adware
5,90052,Adware
6,86110,Adware
7,142102,SMS_Malware
8,119375,Adware
9,36936,Benign
10,137832,Scareware
11,91608,Scareware
12,161501,Adware
13,7545,Adware
14,122027,SMS_Malware
15,75137,Scareware
16,167135,SMS_Malware
17,60666,Scareware
18,90167,Scareware
19,113481,SMS_Malware
20,99344,Scareware
21,161445,Adware
22,150158,Adware
23,115209,SMS_Malware
24,174885,Adware
25,134568,Adware
26,116534,Scareware
27,122901,Adware
28,144547,Benign
29,27934,Scareware
30,138819,Scareware
31,108610,SMS_Malware
32,93276,Benign
33,127407,Scareware
34,119347,Adware
35,34292,Adware
36,81402,Adware
37,127392,SMS_Malware
38,13777,Scareware
39,67810,Adware
40,137819,Scareware
41,174030,Scareware
42,128187,Scareware
43,68351,SMS_Malware
44,75407,Scareware
45,68564,Scareware
46,128093,Scareware
47,30048,Benign
48,142520,Adware
49,142835,Scareware
50,55400,Benign
51,37389,SMS_Malware
52,27254,Adware
53,82986,Scareware
54,167814,Scareware
55,6943,Scareware
56,156025,Scareware
57,154425,Adware
58,97256,Adware
59,919,SMS_Malware
60,18304,SMS_Malware
61,137691,Adware
62,144120,Adware
63,168248,Scareware
64,170173,Scareware
65,45614,Adware
66,158138,SMS_Malware
67,107236,Adware
68,174006,Scareware
69,35588,Scareware
70,166225,SMS_Malware
71,57584,Adware
72,107306,Adware
73,73006,Adware
74,100503,Scareware
75,74651,Adware
76,37098,SMS_Malware
77,65327,Scareware
78,151625,Scareware
79,115036,SMS_Malware
80,136122,Scareware
81,128833,Scareware
82,57477,Scareware
83,25684,Adware
84,63662,Adware
85,176742,Scareware
86,117625,Adware
87,93727,Adware
88,74140,Adware
89,33045,SMS_Malware
90,165950,SMS_Malware
91,53873,Adware
92,140183,Scareware
93,84678,Adware
94,138464,Scareware
95,102329,Scareware
96,86612,SMS_Malware
97,136179,Scareware
98,99141,SMS_Malware
99,151002,Adware
100,147121,Adware
101,99521,Adware
102,167980,Scareware
103,49323,Adware
104,161282,Adware
105,149457,SMS_Malware
106,85779,Adware
107,102360,SMS_Malware
108,29873,Scareware
109,91436,Adware
110,100019,SMS_Malware
111,137630,Scareware
112,117028,Scareware
113,118551,Adware
114,108267,SMS_Malware
115,12823,Adware
116,138841,Scareware
117,56102,Adware
118,102682,SMS_Malware
119,128493,Benign
120,39633,Adware
121,101740,Scareware
122,22049,Scareware
123,108685,Scareware
124,79738,Adware
125,82954,SMS_Malware
126,47663,Adware
127,99849,Scareware
128,36742,Scareware
129,46692,Scareware
130,42273,Adware
131,139275,Scareware
132,71785,Adware
133,24811,Adware
134,155960,Adware
135,132730,Adware
136,22698,Adware
137,162168,Scareware
138,91706,Adware
139,133311,Scareware
140,100746,Adware
141,40165,Benign
142,174885,Scareware
143,153237,Adware
144,81560,Adware
145,33305,SMS_Malware
146,27410,SMS_Malware
147,90693,SMS_Malware
148,108091,Scareware
149,176717,Benign
150,79616,Adware
151,136897,Adware
152,89200,Adware
153,131133,Adware
154,159470,Adware
155,116828,Adware
156,163689,SMS_Malware
157,1091,SMS_Malware
158,160172,Adware
159,54234,Scareware
160,12965,SMS_Malware
161,150121,Adware
162,128561,Scareware
163,4831,Adware
164,100128,Adware
165,116766,SMS_Malware
166,151113,Adware
167,145670,Adware
168,63009,Adware
169,38539,SMS_Malware
170,13619,Adware
171,152661,Adware
172,139369,Adware
173,150519,Adware
174,119854,Adware
175,84497,Scareware
176,146518,Benign
177,21740,Scareware
178,101842,Scareware
179,32439,Scareware
180,40438,Adware
181,79126,Adware
182,36639,Scareware
183,158414,Adware
184,93666,Adware
185,43439,Scareware
186,124690,Scareware
187,134596,Scareware
188,148979,SMS_Malware
189,138094,Adware
190,117774,Adware
191,123494,Scareware
192,30294,Scareware
193,99130,Adware
194,158583,SMS_Malware
195,40733,Scareware
196,89792,Adware
197,144556,SMS_Malware
198,108843,SMS_Malware
199,163873,Adware
200,106617,Adware
201,119669,Benign
202,22100,Adware
203,146017,Scareware
204,149707,Adware
205,88276,Adware
206,151209,Adware
207,117758,Scareware
208,95852,Adware
209,38925,Scareware
210,149025,SMS_Malware
211,133813,Scareware
212,81848,Benign
213,153020,Scareware
214,142112,Adware
215,149829,Adware
216,99110,Adware
217,94462,Adware
218,136341,Scareware
219,70814,Adware
220,81661,Adware
221,103890,Adware
222,125798,SMS_Malware
223,53912,Adware
224,122222,SMS_Malware
225,118765,Adware
226,124843,SMS_Malware
227,54520,Benign
228,175858,Adware
229,117777,Scareware
230,135130,Adware
231,110915,SMS_Malware
232,83535,Adware
233,145896,Adware
234,72342,Adware
235,118160,Benign
236,78206,Adware
237,168306,Scareware
238,33991,Scareware
239,103110,Adware
240,93595,SMS_Malware
241,122707,Scareware
242,68118,Scareware
243,156136,Scareware
244,143507,Scareware
245,296,SMS_Malware
246,106024,Adware
247,35360,Benign
248,91809,SMS_Malware
249,156422,Scareware
250,100693,Benign
251,24604,Scareware
252,4626,Adware
253,117778,SMS_Malware
254,117642,Adware
255,99604,SMS_Malware
256,130944,Adware
257,67914,SMS_Malware
258,157979,Scareware
259,99954,Adware
260,38142,SMS_Malware
261,133127,Benign
262,45209,Adware
263,50046,Adware
264,108596,Scareware
265,96889,Scareware
266,160763,SMS_Malware
267,31698,SMS_Malware
268,61108,SMS_Malware
269,163702,Benign
270,53665,Adware
271,69421,Scareware
272,122748,Adware
273,74163,Adware
274,108963,SMS_Malware
275,147602,Scareware
276,151216,Adware
277,155190,SMS_Malware
278,133470,Scareware
279,30882,Scareware
280,128045,Adware
281,143571,SMS_Malware
282,98587,Adware
283,141824,Adware
284,25435,Adware
285,87638,Scareware
286,164760,Scareware
287,170113,SMS_Malware
288,86865,Adware
289,115899,Scareware
290,74025,Adware
291,22394,Adware
292,112345,Adware
293,163131,Adware
294,26589,Scareware
295,110287,SMS_Malware
296,168392,Scareware
297,94301,Scareware
298,52905,SMS_Malware
299,176734,Scareware
300,98097,Scareware
301,22209,Scareware
302,27856,Adware
303,159654,SMS_Malware
304,34620,Scareware
305,135900,SMS_Malware
306,144889,SMS_Malware
307,101878,Scareware
308,132285,Scareware
309,84242,Adware
310,115218,Scareware
311,171216,Scareware
312,155045,Adware
313,112278,Adware
314,63959,Adware
315,83391,Scareware
316,57557,Scareware
317,173395,Benign
318,89699,SMS_Malware
319,161596,Adware
320,97391,Scareware
321,146828,Scareware
322,146472,Scareware
323,126550,SMS_Malware
324,30810,Scareware
325,144650,Adware
326,38493,Scareware
327,123611,Scareware
328,167136,SMS_Malware
329,139301,Scareware
330,173389,Scareware
331,163189,Scareware
332,125677,Scareware
333,127911,Scareware
334,133680,SMS_Malware
335,54088,Scareware
336,170420,Adware
337,86489,Adware
338,115469,Adware
339,114181,Adware
340,18835,Scareware
341,139695,Benign
342,12901,SMS_Malware
343,78226,Adware
344,114987,Scareware
345,110906,SMS_Malware
346,110104,SMS_Malware
347,28738,Adware
348,80290,Adware
349,26891,SMS_Malware
350,105453,SMS_Malware
351,138235,Scareware
352,23777,Scareware
353,30481,Scareware
354,108740,SMS_Malware
355,28482,Scareware
356,92182,Adware
357,148954,Scareware
358,176717,SMS_Malware
359,83779,Adware
360,42713,Adware
361,102797,SMS_Malware
362,66487,Scareware
363,49531,Adware
364,124633,SMS_Malware
365,75175,Scareware
366,87351,Benign
367,154947,Scareware
368,30817,Scareware
369,55172,SMS_Malware
370,145043,Benign
371,98121,Adware
372,117977,Adware
373,110254,SMS_Malware
374,30595,Scareware
375,34527,SMS_Malware
376,128801,Scareware
377,84530,Adware
378,140026,Adware
379,111487,Adware
380,166176,Adware
381,116266,SMS_Malware
382,32161,Adware
383,161675,SMS_Malware
384,41723,Benign
385,105139,Adware
386,73575,Adware
387,3903,Scareware
388,42617,Scareware
389,15024,Scareware
390,100477,Adware
391,39239,Scareware
392,147871,Scareware
393,167952,Scareware
394,136225,Adware
395,19338,Scareware
396,12805,Adware
397,53242,Scareware
398,43648,SMS_Malware
399,172340,Adware
400,152472,Scareware
401,154226,Adware
402,35463,Scareware
403,108587,SMS_Malware
404,117706,Adware
405,34310,Adware
406,133920,Scareware
407,48679,Adware
408,147957,Adware
409,35124,Adware
410,158515,Scareware
411,137292,Adware
412,130960,Adware
413,150726,Adware
414,142710,Scareware
415,174130,Adware
416,58912,Benign
417,38093,Adware
418,112747,Adware
419,172919,Scareware
420,5985,Adware
421,89336,Scareware
422,128141,SMS_Malware
423,123502,SMS_Malware
424,156440,Adware
425,76122,Adware
426,14173,Scareware
427,140368,Scareware
428,114872,Scareware
429,74129,Adware
430,23563,Scareware
431,125786,Scareware
432,22872,Scareware
433,33624,Benign
434,170067,SMS_Malware
435,77787,Scareware
436,87520,Adware
437,71725,Adware
438,154012,Adware
439,147612,Adware
440,75466,Adware
441,147379,Adware
442,133861,SMS_Malware
443,68061,Adware
444,30327,Adware
445,134670,Scareware
446,61607,Benign
447,66291,Adware
448,23569,Scareware
449,8919,Benign
450,109185,SMS_Malware
451,29205,Adware
452,76080,Scareware
453,97825,Scareware
454,148907,Scareware
455,30009,Scareware
456,90972,SMS_Malware
457,29081,Scareware
458,76657,Adware
459,142101,SMS_Malware
460,124211,SMS_Malware
461,157919,Adware
462,62276,Adware
463,16500,SMS_Malware
464,34608,Scareware
465,106815,SMS_Malware
466,26696,Scareware
467,123192,SMS_Malware
468,65,SMS_Malware
469,160441,Scareware
470,30145,Scareware
471,18972,SMS_Malware
472,39022,Adware
473,65692,Scareware
474,67400,Scareware
475,36390,SMS_Malware
476,122259,SMS_Malware
477,33773,Scareware
478,56206,Adware
479,49493,Scareware
480,80432,SMS_Malware
481,14386,Scareware
482,1086,SMS_Malware
483,80129,Adware
484,29038,Scareware
485,102886,Scareware
486,115192,Scareware
487,126120,SMS_Malware
488,111286,Adware
489,81266,Scareware
490,135757,Scareware
491,142231,Adware
492,40953,Scareware
493,52841,Scareware
494,28473,Scareware
495,9458,Adware
496,171631,Scareware
497,85637,Adware
498,61476,Scareware
499,26971,Scareware
500,123348,Scareware
501,1163,SMS_Malware
502,144340,Benign
503,168455,SMS_Malware
504,1959,SMS_Malware
505,93246,SMS_Malware
506,162122,SMS_Malware
507,165162,Scareware
508,33180,SMS_Malware
509,120395,Adware
510,158827,Adware
511,92534,Scareware
512,161392,Adware
513,152629,Scareware
514,99422,Adware
515,24499,Adware
516,85036,SMS_Malware
517,16839,Adware
518,150880,Adware
519,98743,Scareware
520,31225,Scareware
521,84629,Adware
522,94239,Scareware
523,15136,Scareware
524,15330,Scareware
525,32777,Scareware
526,36100,SMS_Malware
527,119992,Benign
528,106011,Adware
529,146058,SMS_Malware
530,103606,Scareware
531,5828,Benign
532,81851,Benign
533,164499,Benign
534,118401,Adware
535,105604,SMS_Malware
536,143358,Adware
537,109213,SMS_Malware
538,31928,Scareware
539,154080,Scareware
540,35225,Adware
541,103383,Scareware
542,51221,Scareware
543,132759,Adware
544,109369,SMS_Malware
545,96033,Adware
546,159559,SMS_Malware
547,143832,Adware
548,34998,Adware
549,57664,Adware
550,28595,Adware
551,94650,Scareware
552,132131,Adware
553,119831,Adware
554,172229,SMS_Malware
555,32859,Adware
556,80239,Adware
557,150588,Adware
558,152257,Scareware
559,19324,Scareware
560,26290,Adware
561,150474,Adware
562,98215,Adware
563,23380,Scareware
564,165658,SMS_Malware
565,80323,SMS_Malware
566,134811,Adware
567,133335,Scareware
568,47673,SMS_Malware
569,92464,Scareware
570,121458,SMS_Malware
571,68274,Scareware
572,81577,Scareware
573,51882,Benign
574,34329,Scareware
575,71157,Scareware
576,86484,Adware
577,24656,Scareware
578,12289,Adware
579,145602,Scareware
580,14652,SMS_Malware
581,31750,Scareware
582,25670,Scareware
583,90925,Adware
584,107450,Scareware
585,73636,SMS_Malware
586,133600,SMS_Malware
587,157997,Scareware
588,18079,SMS_Malware
589,35442,Adware
590,146693,Scareware
591,28670,Adware
592,35979,Adware
593,27520,Scareware
594,285,SMS_Malware
595,130758,Adware
596,27868,SMS_Malware
597,53471,Benign
598,163842,Scareware
599,146141,Adware
600,37996,Adware
601,56439,Adware
602,28018,Scareware
603,135202,Benign
604,28135,Scareware
605,82764,Adware
606,146678,SMS_Malware
607,63483,Adware
608,139051,Scareware
609,50561,Adware
610,84787,Scareware
611,15442,Scareware
612,44809,SMS_Malware
613,86385,Benign
614,167364,Scareware
615,23794,Scareware
616,151001,Adware
617,6100,Scareware
618,142379,SMS_Malware
619,86973,Adware
620,10587,Adware
621,75653,Adware
622,6097,Scareware
623,151173,Adware
624,60779,Adware
625,140167,SMS_Malware
626,76171,Adware
627,122453,Adware
628,83932,SMS_Malware
629,125094,Scareware
630,176717,Adware
631,134446,SMS_Malware
632,95105,Adware
633,54813,Adware
634,25609,Scareware
635,118694,Adware
636,170286,Scareware
637,141414,Scareware
638,113592,Benign
639,176693,Scareware
640,52951,Scareware
641,99116,Adware
642,132313,Scareware
643,167939,SMS_Malware
644,93766,Adware
645,169154,Adware
646,155527,Benign
647,27634,Scareware
648,115294,Scareware
649,30759,Adware
650,23077,Adware
651,109610,SMS_Malware
652,86357,Adware
653,148120,Scareware
654,151499,Adware
655,138889,Adware
656,89173,Adware
657,120092,Benign
658,107318,Adware
659,131635,Adware
660,50147,Adware
661,50226,Benign
662,109500,SMS_Malware
663,158316,Scareware
664,74485,SMS_Malware
665,81397,Adware
666,34520,SMS_Malware
667,29281,Adware
668,134170,SMS_Malware
669,38773,Scareware
670,137045,Scareware
671,165250,SMS_Malware
672,12844,Adware
673,34458,Scareware
674,151597,Benign
675,117529,Adware
676,94827,Adware
677,147120,Adware
678,90450,Adware
679,146795,Adware
680,37337,Adware
681,54512,Scareware
682,165694,Adware
683,86873,Scareware
684,97744,Adware
685,35413,Benign
686,32255,Adware
687,100450,SMS_Malware
688,92786,Scareware
689,119884,Adware
690,119902,Adware
691,146317,Adware
692,120908,Scareware
693,121411,Adware
694,2321,SMS_Malware
695,25649,Scareware
696,91809,SMS_Malware
697,128042,SMS_Malware
698,71154,Adware
699,114991,Scareware
700,96776,Scareware
701,113821,Adware
702,88608,Adware
703,28158,Adware
704,173442,Adware
705,94212,SMS_Malware
706,51337,Adware
707,115840,Scareware
708,92243,Adware
709,166213,Adware
710,106157,Adware
711,113643,Adware
712,129245,SMS_Malware
713,74172,Adware
714,152966,Scareware
715,36845,Scareware
716,119697,Adware
717,72507,Adware
718,39378,Adware
719,115846,Scareware
720,43647,Scareware
721,125893,Scareware
722,145822,Scareware
723,9494,SMS_Malware
724,149802,Adware
725,7395,Scareware
726,23156,Scareware
727,11401,Adware
728,100204,Scareware
729,103363,Scareware
730,15263,Adware
731,41978,Adware
732,157571,Adware
733,33428,Adware
734,125293,Adware
735,58568,Adware
736,157388,SMS_Malware
737,34708,Scareware
738,121549,Scareware
739,90092,Adware
740,167288,Adware
741,142726,Adware
742,135979,Scareware
743,26125,Scareware
744,97823,Scareware
745,174884,Adware
746,24793,Scareware
747,28824,Scareware
748,140079,Adware
749,80719,Scareware
750,142110,Adware
751,120201,Adware
752,163128,Adware
753,84926,Scareware
754,77325,Benign
755,64645,Scareware
756,7857,SMS_Malware
757,120669,Benign
758,91457,Benign
759,81326,SMS_Malware
760,166314,Scareware
761,87521,Adware
762,57743,Scareware
763,105308,SMS_Malware
764,584,SMS_Malware
765,102051,Benign
766,70709,SMS_Malware
767,141414,Scareware
768,101633,SMS_Malware
769,32632,SMS_Malware
770,60114,Scareware
771,86113,Scareware
772,7330,Adware
773,91601,Scareware
774,135182,Benign
775,92114,Adware
776,147250,Adware
777,28818,SMS_Malware
778,95010,Adware
779,137369,SMS_Malware
780,39265,Adware
781,75814,Adware
782,96993,Scareware
783,45946,SMS_Malware
784,11720,Scareware
785,161676,SMS_Malware
786,120158,Adware
787,40783,Scareware
788,33205,SMS_Malware
789,103054,Adware
790,117243,Scareware
791,163919,Adware
792,45677,Scareware
793,158009,Scareware
794,165973,SMS_Malware
795,176717,Scareware
796,23301,Benign
797,163060,Scareware
798,91672,Adware
799,168338,SMS_Malware
800,131060,Adware
801,152596,SMS_Malware
802,81890,Scareware
803,126641,SMS_Malware
804,155723,Adware
805,24588,Scareware
806,91358,Scareware
807,32555,Scareware
808,24345,Adware
809,157022,Scareware
810,124345,SMS_Malware
811,132704,Scareware
812,125798,SMS_Malware
813,113197,Adware
814,165703,Adware
815,67942,Adware
816,31822,Adware
817,149727,Adware
818,65457,Scareware
819,100147,Scareware
820,151231,Adware
821,23269,Scareware
822,133491,Benign
823,130781,Adware
824,109032,SMS_Malware
825,129431,Benign
826,19004,Benign
827,7059,Adware
828,58160,Adware
829,148565,Benign
830,29167,Adware
831,141360,Scareware
832,114091,Adware
833,155626,Benign
834,31599,SMS_Malware
835,94373,Scareware
836,169715,SMS_Malware
837,98231,Adware
838,16714,Scareware
839,73823,Scareware
840,133969,Scareware
841,62773,SMS_Malware
842,59024,Adware
843,163340,Benign
844,59318,Adware
845,136987,Scareware
846,80171,Adware
847,38795,Scareware
848,148037,Benign
849,82959,SMS_Malware
850,58158,Adware
851,77850,Benign
852,84628,Adware
853,15817,Scareware
854,156506,Scareware
855,30558,Adware
856,107469,SMS_Malware
857,43175,Adware
858,151768,Scareware
859,79702,Adware
860,33635,Adware
861,62318,Adware
862,3367,Scareware
863,25904,Adware
864,166976,Adware
865,62172,SMS_Malware
866,129515,Adware
867,154288,Adware
868,63929,Adware
869,28972,Adware
870,156604,Scareware
871,49755,Adware
872,79820,SMS_Malware
873,135071,Scareware
874,135119,Scareware
875,106621,Adware
876,140137,Adware
877,37296,Scareware
878,96244,Adware
879,136287,SMS_Malware
880,111563,Adware
881,114556,Adware
882,142316,Scareware
883,142429,Adware
884,158168,Adware
885,42140,Scareware
886,51206,Scareware
887,173841,SMS_Malware
888,54776,Adware
889,85068,Adware
890,165927,Scareware
891,83092,Adware
892,69,SMS_Malware
893,176717,Adware
894,40819,Scareware
895,25596,Scareware
896,154710,Scareware
897,109101,SMS_Malware
898,30483,Adware
899,91571,Scareware
900,94010,SMS_Malware
901,92404,SMS_Malware
902,118222,Benign
903,100062,Scareware
904,141408,Scareware
905,79265,Scareware
906,161876,Adware
907,4837,Adware
908,25927,Scareware
909,107312,Scareware
910,150860,Adware
911,117982,Adware
912,88361,Adware
913,34415,SMS_Malware
914,29089,Scareware
915,23837,Adware
916,2865,Scareware
917,101148,Adware
918,176472,Adware
919,34178,Scareware
920,80558,Scareware
921,72721,Adware
922,43066,Adware
923,33501,Benign
924,123456,Scareware
925,41512,Scareware
926,156468,Adware
927,102004,SMS_Malware
928,122945,Adware
929,23731,Benign
930,69202,Scareware
931,173344,Scareware
932,151405,Adware
933,98453,Adware
934,79022,Scareware
935,86277,SMS_Malware
936,36901,Scareware
937,157111,SMS_Malware
938,119191,Adware
939,47168,Adware
940,78939,Scareware
941,125286,SMS_Malware
942,90351,SMS_Malware
943,73252,Scareware
944,102926,Scareware
945,125284,SMS_Malware
946,21219,Scareware
947,145501,Benign
948,1455,SMS_Malware
949,27800,Scareware
950,172621,SMS_Malware
951,48703,Scareware
952,90580,Adware
953,18394,Scareware
954,123559,Scareware
955,142056,Adware
956,175175,SMS_Malware
957,76758,Adware
958,93403,Adware
959,151011,Adware
960,105161,Adware
961,150884,Adware
962,106395,Scareware
963,111880,Adware
964,82180,SMS_Malware
965,153313,Adware
966,104211,Adware
967,85858,Adware
968,38353,SMS_Malware
969,117717,SMS_Malware
970,154036,Adware
971,146385,Adware
972,118559,Adware
973,21660,Scareware
974,97467,Benign
975,13329,Scareware
976,45906,Adware
977,131995,Benign
978,164836,Scareware
979,97411,Scareware
980,114193,Adware
981,144054,Scareware
982,171197,Scareware
983,37918,Adware
984,62408,Adware
985,125941,SMS_Malware
986,80874,Scareware
987,80491,Scareware
988,35935,Scareware
989,173320,Adware
990,28706,Benign
991,91549,Adware
992,24298,Adware
993,103405,Adware
994,125167,SMS_Malware
995,116293,SMS_Malware
996,145302,Adware
997,23738,Benign
998,97459,Adware
999,152653,Adware
1000,137286,Benign
1001,11998,Adware
1002,58259,Adware
1003,55484,Benign
1004,69301,Adware
1005,125456,Scareware
1006,29319,SMS_Malware
1007,144514,SMS_Malware
1008,132055,Benign
1009,176717,Benign
1010,160025,Benign
1011,14381,Adware
1012,111054,SMS_Malware
1013,7618,Scareware
1014,62014,Adware
1015,71790,Adware
1016,56785,Adware
1017,80212,Scareware
1018,36027,Adware
1019,84897,Adware
1020,57810,Adware
1021,113020,Adware
1022,49945,SMS_Malware
1023,87643,Scareware
1024,106057,Adware
1025,94707,Adware
1026,151708,SMS_Malware
1027,88032,SMS_Malware
1028,115046,Adware
1029,139225,Adware
1030,159676,Adware
1031,150571,Adware
1032,14636,Adware
1033,127796,SMS_Malware
1034,92553,Adware
1035,150317,Adware
1036,5112,Adware
1037,77927,Scareware
1038,39087,Scareware
1039,161263,Scareware
1040,96312,Adware
1041,164865,Adware
1042,25163,SMS_Malware
1043,58668,Adware
1044,163527,Adware
1045,102744,SMS_Malware
1046,63736,Adware
1047,132848,SMS_Malware
1048,68863,SMS_Malware
1049,113723,Adware
1050,7086,Benign
1051,166826,Benign
1052,101337,Adware
1053,81436,Adware
1054,91622,Scareware
1055,94751,Scareware
1056,144784,Adware
1057,127300,Adware
1058,585,SMS_Malware
1059,152904,Scareware
1060,61906,Scareware
1061,156701,Scareware
1062,18417,Adware
1063,120066,Adware
1064,117204,Adware
1065,26667,Benign
1066,29585,Adware
1067,2699,Adware
1068,133446,Scareware
1069,93598,SMS_Malware
1070,80515,Scareware
1071,91466,Adware
1072,61104,SMS_Malware
1073,56282,Scareware
1074,99093,Scareware
1075,24578,Scareware
1076,64762,Adware
1077,23127,Scareware
1078,150791,Adware
1079,169150,SMS_Malware
1080,136129,SMS_Malware
1081,115159,Benign
1082,39356,Scareware
1083,79736,Adware
1084,102859,SMS_Malware
1085,115993,SMS_Malware
1086,111540,Scareware
1087,88945,Benign
1088,99114,Adware
1089,16779,Scareware
1090,125460,Scareware
1091,46467,Adware
1092,141050,Adware
1093,30029,Scareware
1094,81084,SMS_Malware
1095,94060,Scareware
1096,24996,Scareware
1097,28550,Scareware
1098,35776,Scareware
1099,26322,Scareware
1100,24555,Adware
1101,122441,SMS_Malware
1102,131988,Benign
1103,7768,Scareware
1104,137790,SMS_Malware
1105,156487,Adware
1106,135909,Scareware
1107,175149,Adware
1108,117774,Adware
1109,79774,Adware
1110,34244,Scareware
1111,80250,Scareware
1112,156388,Scareware
1113,103520,Adware
1114,33220,Scareware
1115,9890,SMS_Malware
1116,173525,Adware
1117,151827,Adware
1118,28573,Scareware
1119,93127,Adware
1120,25870,SMS_Malware
1121,56099,Adware
1122,148352,Adware
1123,22562,Scareware
1124,111487,Scareware
1125,167289,Adware
1126,158874,Scareware
1127,78356,Scareware
1128,92456,Scareware
1129,30158,Adware
1130,43987,Scareware
1131,133481,Adware
1132,103411,Adware
1133,88500,Adware
1134,38990,SMS_Malware
1135,24169,Adware
1136,76602,Scareware
1137,153023,Benign
1138,147536,Scareware
1139,112577,Adware
1140,43707,Adware
1141,123594,Scareware
1142,146138,Adware
1143,29515,Scareware
1144,131662,Benign
1145,168030,SMS_Malware
1146,116939,Scareware
1147,32062,Adware
1148,62127,Adware
1149,72747,Scareware
1150,162060,Scareware
1151,138160,Adware
1152,120551,Adware
1153,43873,Scareware
1154,68720,SMS_Malware
1155,23290,Scareware
1156,64570,Adware
1157,43836,Scareware
1158,89882,SMS_Malware
1159,155979,Scareware
1160,30045,Scareware
1161,33493,Benign
1162,96679,SMS_Malware
1163,1284,SMS_Malware
1164,16210,Scareware
1165,132268,Adware
1166,86775,Scareware
1167,94439,Scareware
1168,82645,Scareware
1169,119511,Adware
1170,83658,SMS_Malware
1171,27284,Scareware
1172,82162,Adware
1173,124552,Adware
1174,20390,Scareware
1175,51706,Scareware
1176,135064,Scareware
1177,122507,SMS_Malware
1178,152801,SMS_Malware
1179,136530,SMS_Malware
1180,171816,Scareware
1181,93368,Adware
1182,110415,Scareware
1183,149501,Scareware
1184,74466,Adware
1185,105871,Adware
1186,25494,Adware
1187,98977,Scareware
1188,105482,SMS_Malware
1189,173800,Scareware
1190,75648,SMS_Malware
1191,78017,Adware
1192,57243,Adware
1193,141952,Scareware
1194,146060,SMS_Malware
1195,158357,Scareware
1196,10230,Scareware
1197,93101,SMS_Malware
1198,79998,Adware
1199,105757,SMS_Malware
1200,115841,Scareware
1201,91130,SMS_Malware
1202,73900,Adware
1203,172145,Adware
1204,47548,Adware
1205,117709,Benign
1206,20467,Adware
1207,104643,Adware
1208,328,SMS_Malware
1209,38559,Adware
1210,95263,Adware
1211,21215,Adware
1212,88742,Adware
1213,120444,Adware
1214,33148,Benign
1215,167542,Scareware
1216,7413,Scareware
1217,109855,SMS_Malware
1218,25477,Adware
1219,84708,Adware
1220,95805,Adware
1221,97728,Scareware
1222,3790,Scareware
1223,109581,SMS_Malware
1224,160487,Adware
1225,39643,Scareware
1226,26946,Benign
1227,92608,Benign
1228,26572,Adware
1229,74227,Adware
1230,49015,Adware
1231,130194,Adware
1232,42982,Scareware
1233,141924,Scareware
1234,58096,Benign
1235,131294,SMS_Malware
1236,164060,Scareware
1237,131418,Adware
1238,111384,SMS_Malware
1239,163536,Scareware
1240,135356,Adware
1241,66754,SMS_Malware
1242,114918,Adware
1243,19027,Scareware
1244,118873,Adware
1245,68571,Scareware
1246,84990,Scareware
1247,163502,Adware
1248,170447,Adware
1249,111270,Adware
1250,84735,Adware
1251,21055,Scareware
1252,93747,Adware
1253,140015,SMS_Malware
1254,82661,Adware
1255,152483,SMS_Malware
1256,118701,Adware
1257,172533,Adware
1258,86355,Scareware
1259,10990,Scareware
1260,129254,Scareware
1261,95498,SMS_Malware
1262,102510,Adware
1263,16871,Benign
1264,109815,SMS_Malware
1265,75863,SMS_Malware
1266,155481,SMS_Malware
1267,2264,SMS_Malware
1268,23585,Scareware
1269,29382,Adware
1270,105318,SMS_Malware
1271,4504,Adware
1272,10918,Scareware
1273,116942,SMS_Malware
1274,28408,Scareware
1275,5578,Scareware
1276,66535,Adware
1277,28820,SMS_Malware
1278,33482,SMS_Malware
1279,49980,Adware
1280,20406,Scareware
1281,148319,Scareware
1282,87277,Scareware
1283,71403,Adware
1284,82218,SMS_Malware
1285,111353,Adware
1286,140649,SMS_Malware
1287,101379,Benign
1288,115202,Adware
1289,92730,Adware
1290,160253,Adware
1291,51917,Adware
1292,167511,Scareware
1293,88655,SMS_Malware
1294,13282,Adware
1295,107895,SMS_Malware
1296,113230,Adware
1297,109936,SMS_Malware
1298,75140,Scareware
1299,128801,Scareware
1300,1166,SMS_Malware
1301,75373,Scareware
1302,4356,Adware
1303,30750,SMS_Malware
1304,133563,SMS_Malware
1305,43461,Scareware
1306,153681,Benign
1307,173029,SMS_Malware
1308,55724,Adware
1309,15854,Adware
1310,160227,Scareware
1311,120117,Adware
1312,66820,SMS_Malware
1313,123072,Scareware
1314,102790,Adware
1315,38297,Benign
1316,110379,SMS_Malware
1317,19346,Benign
1318,87855,Adware
1319,25409,Adware
1320,27546,Scareware
1321,51626,Adware
1322,73363,Benign
1323,98270,Scareware
1324,49299,Adware
1325,80290,Adware
1326,24491,Adware
1327,75366,Adware
1328,158805,Adware
1329,132429,SMS_Malware
1330,137678,Scareware
1331,66843,Scareware
1332,18163,Scareware
1333,175894,Benign
1334,171242,SMS_Malware
1335,164820,Scareware
1336,164792,SMS_Malware
1337,95184,Adware
1338,39093,Scareware
1339,130681,Adware
1340,111470,SMS_Malware
1341,25186,Adware
1342,72,SMS_Malware
1343,126245,Scareware
1344,84630,Adware
1345,72707,Benign
1346,163064,Scareware
1347,108103,Scareware
1348,99093,Scareware
1349,172554,Adware
1350,79542,Adware
1351,167184,Scareware
1352,132863,Scareware
1353,76672,Scareware
1354,92643,Adware
1355,30496,Scareware
1356,92103,Adware
1357,20638,Adware
1358,163306,Adware
1359,134799,SMS_Malware
1360,52203,Scareware
1361,62966,Adware
1362,99128,Adware
1363,166740,Benign
1364,85030,SMS_Malware
1365,47168,SMS_Malware
1366,73224,SMS_Malware
1367,39891,Scareware
1368,85226,Scareware
1369,133781,Scareware
1370,30524,Adware
1371,160654,Scareware
1372,39861,Scareware
1373,156985,Adware
1374,125800,Scareware
1375,38324,Scareware
1376,65158,Adware
1377,150574,Adware
1378,173806,Benign
1379,32304,Scareware
1380,130782,Adware
1381,176717,Scareware
1382,10962,Scareware
1383,65037,Adware
1384,46945,Adware
1385,66401,SMS_Malware
1386,149141,SMS_Malware
1387,41497,Adware
1388,134372,Adware
1389,35406,Adware
1390,107237,Adware
1391,108885,SMS_Malware
1392,72344,Scareware
1393,169034,Scareware
1394,42492,Adware
1395,135185,Benign
1396,28054,Scareware
1397,163696,SMS_Malware
1398,133969,Scareware
1399,166632,SMS_Malware
1400,30758,Adware
1401,40597,Scareware
1402,142140,Adware
1403,86539,Scareware
1404,26751,Adware
1405,142054,Scareware
1406,151262,Adware
1407,49718,Adware
1408,147677,Scareware
1409,73909,Scareware
1410,91551,Adware
1411,22393,Adware
1412,168735,Adware
1413,169101,SMS_Malware
1414,57971,SMS_Malware
1415,125821,SMS_Malware
1416,116803,Scareware
1417,20861,Adware
1418,159051,Adware
1419,151650,Scareware
1420,40481,Scareware
1421,43447,SMS_Malware
1422,19596,Scareware
1423,108327,SMS_Malware
1424,33124,Scareware
1425,125727,Adware
1426,86160,Adware
1427,123317,SMS_Malware
1428,126109,SMS_Malware
1429,166393,Scareware
1430,95544,Adware
1431,120577,Adware
1432,90576,SMS_Malware
1433,168692,Adware
1434,163,SMS_Malware
1435,72006,Adware
1436,75308,Adware
1437,31769,Adware
1438,4321,Scareware
1439,20869,Benign
1440,166432,Adware
1441,47805,Scareware
1442,47322,Adware
1443,100304,SMS_Malware
1444,40350,Scareware
1445,74720,Adware
1446,73269,Adware
1447,105876,Scareware
1448,163998,Scareware
1449,74252,Adware
1450,168210,SMS_Malware
1451,10208,Scareware
1452,26505,Scareware
1453,152562,SMS_Malware
1454,157047,Scareware
1455,96498,Adware
1456,101472,Adware
1457,123642,SMS_Malware
1458,93567,Benign
1459,31292,Benign
1460,18542,SMS_Malware
1461,9568,Adware
1462,176885,Scareware
1463,32827,Benign
1464,145109,Scareware
1465,80230,Scareware
1466,9285,Adware
1467,138137,Adware
1468,77448,SMS_Malware
1469,141261,Adware
1470,31194,Scareware
1471,3855,Scareware
1472,156191,Scareware
1473,44576,Adware
1474,99035,Adware
1475,74230,Adware
1476,58642,Adware
1477,168041,Scareware
1478,43371,Adware
1479,172215,Adware
1480,124499,SMS_Malware
1481,109552,SMS_Malware
1482,134790,SMS_Malware
1483,173410,Benign
1484,71397,SMS_Malware
1485,169969,SMS_Malware
1486,124266,SMS_Malware
1487,114012,Adware
1488,142927,Adware
1489,142746,Adware
1490,71000,Scareware
1491,34412,SMS_Malware
1492,76909,Adware
1493,31875,Benign
1494,103057,Adware
1495,15583,Benign
1496,43444,Adware
1497,168554,Adware
1498,137037,SMS_Malware
1499,147856,Scareware
1500,28935,SMS_Malware
1501,53101,Benign
1502,49364,Scareware
1503,171235,SMS_Malware
1504,19386,Scareware
1505,124240,SMS_Malware
1506,158930,Adware
1507,156981,Adware
1508,129110,SMS_Malware
1509,26364,Scareware
1510,115136,SMS_Malware
1511,82339,Adware
1512,19298,Scareware
1513,51872,Adware
1514,176717,Scareware
1515,163804,Scareware
1516,166238,Scareware
1517,89261,Adware
1518,83360,Adware
1519,96327,SMS_Malware
1520,96488,Scareware
1521,109056,Scareware
1522,38543,SMS_Malware
1523,79046,Adware
1524,114169,Adware
1525,117805,Benign
1526,115559,Adware
1527,76113,Adware
1528,35242,Scareware
1529,97757,Adware
1530,165132,Adware
1531,79681,Adware
1532,136511,Scareware
1533,164547,Scareware
1534,161468,Scareware
1535,82796,Scareware
1536,54729,Adware
1537,163126,Adware
1538,97915,Adware
1539,165326,Scareware
1540,56657,Adware
1541,86345,Scareware
1542,169884,Scareware
1543,77057,Adware
1544,29799,Scareware
1545,78180,Adware
1546,64530,SMS_Malware
1547,126992,SMS_Malware
1548,136785,Adware
1549,135089,Adware
1550,73565,Adware
1551,83326,Adware
1552,106161,SMS_Malware
1553,82216,Scareware
1554,106337,Scareware
1555,109652,SMS_Malware
1556,28875,Adware
1557,34156,Adware
1558,138182,Scareware
1559,82310,Scareware
1560,55777,Adware
1561,40605,SMS_Malware
1562,110192,SMS_Malware
1563,66792,Adware
1564,153557,Adware
1565,143575,SMS_Malware
1566,76395,SMS_Malware
1567,117499,Scareware
1568,174883,Adware
1569,145714,Scareware
1570,112356,Adware
1571,44996,Adware
1572,24797,Scareware
1573,121172,Adware
1574,101158,Benign
1575,35920,SMS_Malware
1576,105730,SMS_Malware
1577,91978,SMS_Malware
1578,106585,Benign
1579,18117,Scareware
1580,169788,Adware
1581,18070,SMS_Malware
1582,63909,SMS_Malware
1583,176717,Benign
1584,33733,Benign
1585,84724,Adware
1586,27509,Scareware
1587,92575,Scareware
1588,49523,Adware
1589,58931,Adware
1590,25661,SMS_Malware
1591,87170,Adware
1592,145367,SMS_Malware
1593,29669,Scareware
1594,117720,Scareware
1595,98907,Scareware
1596,104076,SMS_Malware
1597,164053,Adware
1598,107110,Scareware
1599,27231,Scareware
1600,108474,SMS_Malware
1601,30933,Scareware
1602,140812,Scareware
1603,132785,Benign
1604,107980,SMS_Malware
1605,89648,Scareware
1606,142230,Adware
1607,362,SMS_Malware
1608,74361,Adware
1609,153198,Scareware
1610,176717,SMS_Malware
1611,91710,Adware
1612,20496,Adware
1613,125286,SMS_Malware
1614,7284,Adware
1615,4957,Adware
1616,170936,Adware
1617,133764,SMS_Malware
1618,36417,Scareware
1619,28264,Benign
1620,90591,Scareware
1621,85838,Adware
1622,100365,Adware
1623,115278,Scareware
1624,74234,Adware
1625,138604,Scareware
1626,121339,Scareware
1627,163730,Adware
1628,107913,SMS_Malware
1629,82351,Scareware
1630,120029,Adware
1631,17684,Scareware
1632,24934,SMS_Malware
1633,95917,Adware
1634,19319,Scareware
1635,159284,Adware
1636,161705,Adware
1637,54447,Benign
1638,119518,Adware
1639,79430,Scareware
1640,78586,Adware
1641,36354,Scareware
1642,167844,Scareware
1643,30261,Benign
1644,172017,Scareware
1645,69863,Adware
1646,127828,SMS_Malware
1647,38878,Adware
1648,169594,Adware
1649,888,Scareware
1650,141902,Adware
1651,80226,Scareware
1652,42505,Adware
1653,165038,Adware
1654,56259,Scareware
1655,114321,Scareware
1656,169969,SMS_Malware
1657,95068,SMS_Malware
1658,11534,Adware
1659,162734,Scareware
1660,166523,Adware
1661,175350,Scareware
1662,27514,Adware
1663,79615,Adware
1664,176717,Scareware
1665,116801,SMS_Malware
1666,162353,Scareware
1667,62762,SMS_Malware
1668,52912,Scareware
1669,75407,Scareware
1670,118526,Adware
1671,166954,Adware
1672,141275,Benign
1673,105838,Adware
1674,27094,Scareware
1675,93160,Adware
1676,101010,Adware
1677,121257,SMS_Malware
1678,59614,Scareware
1679,76224,Scareware
1680,153608,Scareware
1681,67551,Adware
1682,117120,Scareware
1683,97907,Adware
1684,53307,SMS_Malware
1685,129119,SMS_Malware
1686,102637,Adware
1687,96838,Scareware
1688,107509,SMS_Malware
1689,118551,Adware
1690,108944,SMS_Malware
1691,87557,Adware
1692,104239,Adware
1693,97521,Scareware
1694,160603,Scareware
1695,175415,Scareware
1696,80071,Adware
1697,173990,SMS_Malware
1698,129689,Adware
1699,144246,SMS_Malware
1700,51803,Adware
1701,101262,Adware
1702,35311,Scareware
1703,101129,Scareware
1704,37472,Adware
1705,171178,Benign
1706,106977,Benign
1707,28762,Adware
1708,68186,Benign
1709,131821,Adware
1710,63214,Scareware
1711,15927,SMS_Malware
1712,5666,Adware
1713,152491,Scareware
1714,111811,Adware
1715,92394,SMS_Malware
1716,110338,SMS_Malware
1717,41536,Adware
1718,99671,SMS_Malware
1719,28032,Scareware
1720,171117,Adware
1721,153835,Adware
1722,174496,Adware
1723,163838,SMS_Malware
1724,167289,Adware
1725,89069,Adware
1726,132509,Scareware
1727,108093,Scareware
1728,108300,SMS_Malware
1729,8791,SMS_Malware
1730,146344,Scareware
1731,153951,Adware
1732,12264,SMS_Malware
1733,122550,Scareware
1734,151079,Adware
1735,40940,Scareware
1736,132410,SMS_Malware
1737,86363,Adware
1738,2932,Adware
1739,124584,Scareware
1740,27685,Adware
1741,103762,Benign
1742,54410,Adware
1743,128066,Scareware
1744,167574,Scareware
1745,58709,Scareware
1746,137845,Scareware
1747,39880,Adware
1748,148606,Benign
1749,156272,Adware
1750,26773,Adware
1751,31375,Scareware
1752,154622,SMS_Malware
1753,34229,Benign
1754,61946,Adware
1755,139265,Scareware
1756,36585,Adware
1757,151166,Adware
1758,758,SMS_Malware
1759,160439,Scareware
1760,70164,Adware
1761,143042,Scareware
1762,78609,Benign
1763,91478,Adware
1764,125421,SMS_Malware
1765,107689,SMS_Malware
1766,123767,SMS_Malware
1767,80210,Scareware
1768,63561,Adware
1769,90747,Scareware
1770,84041,Scareware
1771,1792,SMS_Malware
1772,6970,SMS_Malware
1773,39953,Scareware
1774,110025,Scareware
1775,130684,Adware
1776,73329,Adware
1777,167370,SMS_Malware
1778,27397,Scareware
1779,126951,Scareware
1780,70301,Adware
1781,161099,Benign
1782,123912,SMS_Malware
1783,147153,Adware
1784,157042,Scareware
1785,152102,Scareware
1786,112999,Adware
1787,8089,Scareware
1788,141559,Scareware
1789,110469,SMS_Malware
1790,131888,Adware
1791,35185,Adware
1792,36685,SMS_Malware
1793,130817,Adware
1794,8521,Scareware
1795,93234,Adware
1796,166162,Benign
1797,152575,Benign
1798,126061,Scareware
1799,129067,Scareware
1800,52590,Adware
1801,48137,Scareware
1802,25934,Adware
1803,38542,SMS_Malware
1804,139314,Scareware
1805,145919,Scareware
1806,119178,Adware
1807,111851,Adware
1808,62166,Adware
1809,9996,Adware
1810,76341,SMS_Malware
1811,19544,Scareware
1812,98182,Scareware
1813,151896,Adware
1814,82797,Scareware
1815,84839,Adware
1816,115650,Adware
1817,24046,Scareware
1818,172296,Adware
1819,27145,Scareware
1820,75527,Scareware
1821,86322,Adware
1822,158528,Adware
1823,89197,Adware
1824,156742,Scareware
1825,30923,Scareware
1826,49767,Adware
1827,109624,Scareware
1828,110252,SMS_Malware
1829,167153,Adware
1830,75627,Scareware
1831,69133,Adware
1832,30234,Scareware
1833,152033,Scareware
1834,95143,Adware
1835,155039,Scareware
1836,122774,Scareware
1837,113299,Adware
1838,167312,Adware
1839,37352,Adware
1840,57852,Adware
1841,74058,Adware
1842,159319,Adware
1843,33123,Adware
1844,92724,Adware
1845,131728,Adware
1846,167206,Benign
1847,61215,Scareware
1848,92137,Adware
1849,76369,Benign
1850,132578,Adware
1851,54681,Scareware
1852,85340,Scareware
1853,84682,Adware
1854,68486,SMS_Malware
1855,149281,SMS_Malware
1856,84496,Scareware
1857,143328,SMS_Malware
1858,40095,SMS_Malware
1859,151001,Adware
1860,22635,Adware
1861,107453,Scareware
1862,97399,Scareware
1863,35917,Scareware
1864,165282,Adware
1865,28840,Scareware
1866,91907,Adware
1867,132562,Scareware
1868,38018,Adware
1869,8185,Adware
1870,32379,Scareware
1871,11965,Scareware
1872,154429,Scareware
1873,56633,Adware
1874,112327,Adware
1875,77688,Scareware
1876,105401,SMS_Malware
1877,25027,Scareware
1878,45478,Adware
1879,19986,Scareware
1880,146216,Scareware
1881,79838,Adware
1882,68601,Adware
1883,135282,Adware
1884,36245,Scareware
1885,74290,Adware
1886,39659,SMS_Malware
1887,118573,Adware
1888,107664,SMS_Malware
1889,53068,Adware
1890,101065,SMS_Malware
1891,42880,Scareware
1892,27093,Adware
1893,3216,Adware
1894,150736,Adware
1895,118340,Adware
1896,171446,Scareware
1897,127077,SMS_Malware
1898,96732,Scareware
1899,40894,SMS_Malware
1900,15399,Adware
1901,140122,SMS_Malware
1902,26076,Adware
1903,112579,Adware
1904,127427,Scareware
1905,58463,SMS_Malware
1906,12301,Benign
1907,4916,Adware
1908,123560,Scareware
1909,174363,Adware
1910,161276,Adware
1911,14119,Scareware
1912,150103,Adware
1913,141425,Scareware
1914,140389,Benign
1915,5601,Scareware
1916,85828,Scareware
1917,35867,Adware
1918,106597,Adware
1919,141558,Scareware
1920,145810,Adware
1921,99337,SMS_Malware
1922,121625,Adware
1923,1560,SMS_Malware
1924,135933,SMS_Malware
1925,130000,Adware
1926,53208,Scareware
1927,33762,Scareware
1928,150055,Adware
1929,135981,Scareware
1930,24533,SMS_Malware
1931,83402,Adware
1932,78824,Scareware
1933,115971,Scareware
1934,131623,Adware
1935,134326,SMS_Malware
1936,136575,Scareware
1937,31835,Scareware
1938,26759,Scareware
1939,7953,Scareware
1940,94299,Scareware
1941,78746,SMS_Malware
1942,111301,Adware
1943,20911,Adware
1944,77536,Scareware
1945,91815,SMS_Malware
1946,67067,Adware
1947,64563,Adware
1948,123741,Scareware
1949,164319,SMS_Malware
1950,121851,Scareware
1951,86331,Adware
1952,167142,SMS_Malware
1953,49251,Adware
1954,4451,Scareware
1955,139476,Benign
1956,30987,Scareware
1957,165804,SMS_Malware
1958,64861,Adware
1959,88211,Scareware
1960,96412,SMS_Malware
1961,98805,Scareware
1962,150322,Adware
1963,6756,SMS_Malware
1964,143437,Benign
1965,133055,Adware
1966,114562,Scareware
1967,109789,SMS_Malware
1968,155271,Scareware
1969,157915,Adware
1970,173007,Scareware
1971,115281,Scareware
1972,163995,SMS_Malware
1973,114967,Scareware
1974,167574,Scareware
1975,34102,SMS_Malware
1976,73584,SMS_Malware
1977,106553,Scareware
1978,168506,Scareware
1979,139399,Adware
1980,95324,Adware
1981,62046,Adware
1982,109492,Scareware
1983,106945,Adware
1984,81857,Adware
1985,80630,Adware
1986,159350,SMS_Malware
1987,69166,Adware
1988,85135,Adware
1989,30130,Scareware
1990,58110,Scareware
1991,55476,Adware
1992,67411,Adware
1993,65387,Adware
1994,150291,Adware
1995,131894,Adware
1996,59604,Scareware
1997,42866,Scareware
1998,93367,SMS_Malware
1999,27259,Adware
2000,90955,Scareware
2001,25135,Adware
2002,104093,SMS_Malware
2003,40427,Scareware
2004,128208,Adware
2005,115258,Scareware
2006,103334,Scareware
2007,123559,SMS_Malware
2008,133665,Scareware
2009,26986,SMS_Malware
2010,92025,Adware
2011,117089,Scareware
2012,57241,Adware
2013,107507,SMS_Malware
2014,142530,Adware
2015,169514,Scareware
2016,105422,Adware
2017,140750,Scareware
2018,117857,Adware
2019,141332,Scareware
2020,150393,Adware
2021,116024,Adware
2022,103930,SMS_Malware
2023,8133,SMS_Malware
2024,24927,Scareware
2025,31056,SMS_Malware
2026,87418,Adware
2027,118042,Adware
2028,170421,Scareware
2029,152418,Benign
2030,128680,SMS_Malware
2031,102887,Scareware
2032,12612,Adware
2033,165600,Adware
2034,156334,Adware
2035,73013,Adware
2036,27426,Adware
2037,121046,Scareware
2038,69642,SMS_Malware
2039,70322,Adware
2040,140973,Adware
2041,175241,Scareware
2042,160901,SMS_Malware
2043,63209,Scareware
2044,55830,Benign
2045,93099,Adware
2046,127848,Scareware
2047,116706,Scareware
2048,94147,Scareware
2049,83839,Scareware
2050,24478,Adware
2051,44849,Adware
2052,145970,Scareware
2053,130391,Adware
2054,74493,Scareware
2055,58755,Scareware
2056,36728,Adware
2057,148986,SMS_Malware
2058,77497,SMS_Malware
2059,71989,Adware
2060,129151,Scareware
2061,129749,Adware
2062,155346,SMS_Malware
2063,8287,Benign
2064,5529,Scareware
2065,159175,Adware
2066,169326,Scareware
2067,34064,Adware
2068,108202,Scareware
2069,2563,Adware
2070,89764,Adware
2071,3690,SMS_Malware
2072,62340,Benign
2073,129218,Scareware
2074,142980,Adware
2075,34949,Scareware
2076,107222,Adware
2077,126274,SMS_Malware
2078,8128,Adware
2079,86436,SMS_Malware
2080,108937,SMS_Malware
2081,15314,Benign
2082,167347,Adware
2083,136643,Scareware
2084,105081,Adware
2085,37147,Adware
2086,37626,Benign
2087,151159,Adware
2088,25422,Adware
2089,55926,Adware
2090,133806,SMS_Malware
2091,77913,Benign
2092,23876,Scareware
2093,38879,Adware
2094,164176,SMS_Malware
2095,114110,Adware
2096,10794,Adware
2097,121469,Scareware
2098,168875,SMS_Malware
2099,91696,Adware
2100,46308,Benign
2101,132362,Adware
2102,33810,Adware
2103,29830,Adware
2104,122942,Adware
2105,74434,Adware
2106,138921,Adware
2107,39335,Scareware
2108,21608,Scareware
2109,86602,Adware
2110,141837,Adware
2111,85127,Adware
2112,62537,Scareware
2113,109593,SMS_Malware
2114,174664,Adware
2115,49010,Scareware
2116,63607,Adware
2117,170465,Adware
2118,28243,Adware
2119,13489,Scareware
2120,153796,SMS_Malware
2121,149356,SMS_Malware
2122,142943,Scareware
2123,25390,Adware
2124,108045,SMS_Malware
2125,14142,Scareware
2126,34339,Scareware
2127,69439,SMS_Malware
2128,129137,SMS_Malware
2129,19906,Adware
2130,163022,Adware
2131,116087,SMS_Malware
2132,161802,Adware
2133,111257,Adware
2134,47272,Scareware
2135,24949,SMS_Malware
2136,40574,Scareware
2137,68122,Scareware
2138,41996,Scareware
2139,65489,Adware
2140,14396,SMS_Malware
2141,102061,Scareware
2142,92932,Scareware
2143,124932,Adware
2144,9135,Adware
2145,70089,Benign
2146,81292,Adware
2147,47486,SMS_Malware
2148,142578,Scareware
2149,8344,Benign
2150,159000,Adware
2151,65528,Adware
2152,13816,Scareware
2153,119062,Adware
2154,48639,Scareware
2155,173159,Adware
2156,10658,Scareware
2157,112339,Adware
2158,35073,Adware
2159,28998,Adware
2160,99288,Adware
2161,54365,Scareware
2162,66458,Scareware
2163,29312,Benign
2164,81900,Adware
2165,156953,Adware
2166,171176,Benign
2167,76254,Adware
2168,171270,SMS_Malware
2169,142152,Scareware
2170,44029,Adware
2171,1441,SMS_Malware
2172,56234,Adware
2173,85028,SMS_Malware
2174,83552,SMS_Malware
2175,31880,Benign
2176,143897,Adware
2177,86528,Benign
2178,94579,Adware
2179,149451,Scareware
2180,36894,Scareware
2181,110010,SMS_Malware
2182,52011,Adware
2183,140129,Adware
2184,109984,SMS_Malware
2185,99114,Adware
2186,136445,SMS_Malware
2187,143828,Scareware
2188,149217,Scareware
2189,70284,Adware
2190,96742,Adware
2191,47968,Scareware
2192,153390,SMS_Malware
2193,57785,Scareware
2194,126441,Scareware
2195,125907,Scareware
2196,144968,SMS_Malware
2197,29751,Scareware
2198,165218,SMS_Malware
2199,95231,Scareware
2200,2383,Scareware
2201,85284,Benign
2202,88014,Scareware
2203,54502,Scareware
2204,38680,Adware
2205,57833,Adware
2206,64221,SMS_Malware
2207,25364,Adware
2208,97951,Scareware
2209,144795,Adware
2210,67916,Scareware
2211,65823,Adware
2212,139780,Adware
2213,162016,Benign
2214,105286,SMS_Malware
2215,116368,Scareware
2216,109819,SMS_Malware
2217,55069,Adware
2218,86546,Adware
2219,109693,Scareware
2220,168619,SMS_Malware
2221,48115,SMS_Malware
2222,119846,Benign
2223,74041,Adware
2224,163379,SMS_Malware
2225,145296,Adware
2226,25319,Scareware
2227,55214,Adware
2228,85797,Adware
2229,27081,Adware
2230,105282,SMS_Malware
2231,151958,Adware
2232,34600,Scareware
2233,79023,Adware
2234,136355,Scareware
2235,75176,Scareware
2236,64788,Adware
2237,47765,Adware
2238,7444,Adware
2239,125393,SMS_Malware
2240,113055,Adware
2241,123155,SMS_Malware
2242,98458,Adware
2243,121384,SMS_Malware
2244,52733,Scareware
2245,163582,SMS_Malware
2246,80058,Adware
2247,93456,Benign
2248,55838,Scareware
2249,126551,SMS_Malware
2250,173274,Adware
2251,97523,Scareware
2252,173555,Adware
2253,167727,SMS_Malware
2254,11780,SMS_Malware
2255,102822,SMS_Malware
2256,129340,SMS_Malware
2257,120288,Adware
2258,98485,Adware
2259,107418,SMS_Malware
2260,166360,Adware
2261,90174,Scareware
2262,66745,Scareware
2263,138996,Adware
2264,26655,Benign
2265,146638,Adware
2266,114295,Adware
2267,63516,Adware
2268,97657,Adware
2269,152107,Adware
2270,161672,Adware
2271,150816,Adware
2272,97311,Scareware
2273,137538,Adware
2274,166867,Benign
2275,41896,Scareware
2276,117682,Scareware
2277,84880,Scareware
2278,75511,Adware
2279,108674,SMS_Malware
2280,81411,Scareware
2281,41836,Scareware
2282,85966,Adware
2283,91560,Scareware
2284,88216,Adware
2285,106668,Adware
2286,84041,Scareware
2287,152554,Adware
2288,165381,Scareware
2289,127153,SMS_Malware
2290,79402,SMS_Malware
2291,122474,Scareware
2292,174075,SMS_Malware
2293,116531,SMS_Malware
2294,7009,Adware
2295,130247,Adware
2296,46144,SMS_Malware
2297,76094,Adware
2298,81984,SMS_Malware
2299,167637,Adware
2300,115103,Adware
2301,34569,Scareware
2302,173939,Adware
2303,6048,Adware
2304,140466,SMS_Malware
2305,90613,Scareware
2306,139534,Adware
2307,64765,Adware
2308,88845,Scareware
2309,11901,Adware
2310,115545,Scareware
2311,141643,Scareware
2312,171842,Scareware
2313,34320,Scareware
2314,122417,Scareware
2315,109239,SMS_Malware
2316,100116,Scareware
2317,145852,Adware
2318,120554,Benign
2319,164766,SMS_Malware
2320,111504,Scareware
2321,34944,SMS_Malware
2322,137141,Benign
2323,77020,Adware
2324,110534,Scareware
2325,159582,Adware
2326,155015,Scareware
2327,138292,Scareware
2328,31444,SMS_Malware
2329,97747,Adware
2330,110403,SMS_Malware
2331,75012,Scareware
2332,154103,Adware
2333,110438,SMS_Malware
2334,176717,Adware
2335,77595,Scareware
2336,125184,Scareware
2337,125680,SMS_Malware
2338,65480,Adware
2339,129460,Adware
2340,134773,Scareware
2341,79584,SMS_Malware
2342,140174,Scareware
2343,160009,SMS_Malware
2344,154073,SMS_Malware
2345,48921,Scareware
2346,95807,Adware
2347,113904,Scareware
2348,41844,SMS_Malware
2349,79626,Adware
2350,138132,Adware
2351,10707,Scareware
2352,136980,Adware
2353,157670,SMS_Malware
2354,134793,SMS_Malware
2355,58571,Adware
2356,35191,Adware
2357,111100,SMS_Malware
2358,49053,Adware
2359,113845,Scareware
2360,28042,Scareware
2361,148903,Adware
2362,28035,Scareware
2363,135133,Adware
2364,114104,Benign
2365,163076,Scareware
2366,60595,Scareware
2367,13704,Adware
2368,134411,Adware
2369,85220,Scareware
2370,141606,Scareware
2371,118222,Benign
2372,84232,Adware
2373,146718,Scareware
2374,93511,Benign
2375,7661,Scareware
2376,30495,Scareware
2377,3700,SMS_Malware
2378,85505,Adware
2379,37809,Adware
2380,167872,Adware
2381,158293,Adware
2382,146063,SMS_Malware
2383,151024,Adware
2384,53943,Scareware
2385,87234,Adware
2386,97024,Scareware
2387,106327,Benign
2388,27380,Adware
2389,119257,Adware
2390,125632,Adware
2391,28689,SMS_Malware
2392,32570,Adware
2393,101843,Benign
2394,114621,Adware
2395,34957,Scareware
2396,162688,Scareware
2397,27088,Adware
2398,126919,Benign
2399,164756,Scareware
2400,109470,Scareware
2401,172614,Adware
2402,53820,Adware
2403,150315,Adware
2404,88667,SMS_Malware
2405,98273,Adware
2406,122531,Scareware
2407,78031,Scareware
2408,109332,Scareware
2409,45036,Adware
2410,28085,Scareware
2411,54392,SMS_Malware
2412,128454,SMS_Malware
2413,174635,Adware
2414,125272,Adware
2415,94507,Scareware
2416,165272,Scareware
2417,42843,SMS_Malware
2418,148680,Adware
2419,41610,Adware
2420,161946,SMS_Malware
2421,141887,Adware
2422,150937,Adware
2423,42817,Scareware
2424,40278,Scareware
2425,168836,SMS_Malware
2426,158018,Scareware
2427,146189,SMS_Malware
2428,138989,Adware
2429,82196,Scareware
2430,47906,Adware
2431,67236,Adware
2432,61885,SMS_Malware
2433,111860,Adware
2434,96791,SMS_Malware
2435,42850,Scareware
2436,124684,SMS_Malware
2437,128655,Scareware
2438,11737,Scareware
2439,162990,Adware
2440,30730,Scareware
2441,161174,Scareware
2442,52869,SMS_Malware
2443,77643,Scareware
2444,139409,Adware
2445,100613,Adware
2446,58074,Benign
2447,43338,Scareware
2448,58910,Adware
2449,57948,Scareware
2450,139325,Scareware
2451,142900,Scareware
2452,121582,SMS_Malware
2453,89254,Adware
2454,162002,SMS_Malware
2455,27136,SMS_Malware
2456,72348,Adware
2457,23467,SMS_Malware
2458,176717,Scareware
2459,42710,Scareware
2460,87636,Scareware
2461,9475,Scareware
2462,26444,Adware
2463,123838,SMS_Malware
2464,140506,Scareware
2465,122157,Scareware
2466,120611,Adware
2467,27311,Scareware
2468,149118,Adware
2469,120937,Scareware
2470,30769,Scareware
2471,75588,Adware
2472,164832,Scareware
2473,163205,Adware
2474,112228,Adware
2475,13952,Adware
2476,31646,Adware
2477,84917,Adware
2478,97975,Scareware
2479,119346,Adware
2480,97019,Scareware
2481,97696,SMS_Malware
2482,160912,Adware
2483,149672,Adware
2484,51235,Scareware
2485,36293,SMS_Malware
2486,152572,Scareware
2487,123256,Scareware
2488,69601,Adware
2489,94938,Benign
2490,154326,Scareware
2491,31864,Scareware
2492,77249,Adware
2493,65629,Scareware
2494,122795,Adware
2495,74117,Adware
2496,76691,Scareware
2497,124247,SMS_Malware
2498,31773,Adware
2499,139406,Adware
2500,79203,Scareware
2501,24855,Adware
2502,95858,Adware
2503,28527,Adware
2504,115547,Scareware
2505,112246,Adware
2506,88094,Adware
2507,42002,Adware
2508,79485,Adware
2509,24757,Scareware
2510,50599,Adware
2511,129330,SMS_Malware
2512,112807,Adware
2513,176717,SMS_Malware
2514,132406,SMS_Malware
2515,102018,Scareware
2516,9925,Scareware
2517,52386,Scareware
2518,51621,Scareware
2519,135789,Scareware
2520,56955,Benign
2521,165517,Adware
2522,41248,Scareware
2523,82949,Adware
2524,105073,Adware
2525,81497,Adware
2526,34883,Adware
2527,94652,Scareware
2528,26199,Scareware
2529,129402,Adware
2530,13734,Scareware
2531,128861,Scareware
2532,152582,Scareware
2533,83360,Adware
2534,100799,Adware
2535,137687,Adware
2536,38930,Adware
2537,34162,SMS_Malware
2538,19263,Adware
2539,89034,Adware
2540,108001,SMS_Malware
2541,149688,Adware
2542,103866,Scareware
2543,156681,Scareware
2544,32601,Adware
2545,11734,Scareware
2546,23768,Scareware
2547,82704,Adware
2548,31606,SMS_Malware
2549,70757,Adware
2550,57528,Adware
2551,165309,Scareware
2552,114834,Scareware
2553,132071,Adware
2554,161999,Adware
2555,146495,SMS_Malware
2556,49283,Scareware
2557,80478,Scareware
2558,82958,Scareware
2559,136448,Scareware
2560,137093,SMS_Malware
2561,116946,SMS_Malware
2562,149142,SMS_Malware
2563,171010,Adware
2564,144258,Benign
2565,93587,Adware
2566,80255,Scareware
2567,123273,Adware
2568,126677,SMS_Malware
2569,115543,Scareware
2570,28077,Scareware
2571,24056,Scareware
2572,170220,SMS_Malware
2573,136369,SMS_Malware
2574,108523,SMS_Malware
2575,62353,Scareware
2576,50140,Adware
2577,156572,Benign
2578,31459,Adware
2579,129233,SMS_Malware
2580,74197,Adware
2581,81065,SMS_Malware
2582,80900,Scareware
2583,154538,Adware
2584,139104,Adware
2585,50980,SMS_Malware
2586,78137,Adware
2587,27506,Scareware
2588,1193,SMS_Malware
2589,58477,Adware
2590,33343,Adware
2591,96683,SMS_Malware
2592,164205,Scareware
2593,81443,SMS_Malware
2594,103477,Adware
2595,85321,Scareware
2596,60756,Scareware
2597,42876,Adware
2598,113601,Adware
2599,124266,Scareware
2600,140637,Scareware
2601,112569,Adware
2602,44481,Adware
2603,88006,Scareware
2604,41760,Adware
2605,152034,Scareware
2606,112840,Adware
2607,75661,Adware
2608,7117,Scareware
2609,169537,Adware
2610,93974,Adware
2611,1033,SMS_Malware
2612,26210,Scareware
2613,31206,Scareware
2614,162283,Adware
2615,164967,Adware
2616,112361,Adware
2617,124460,Scareware
2618,145389,Scareware
2619,85092,Scareware
2620,120000,Adware
2621,154251,SMS_Malware
2622,161580,Adware
2623,137595,Scareware
2624,107580,SMS_Malware
2625,122224,Adware
2626,25976,Scareware
2627,143689,Scareware
2628,100863,Adware
2629,150003,Adware
2630,135627,Adware
2631,93871,Adware
2632,123342,Scareware
2633,136495,Adware
2634,115918,SMS_Malware
2635,72336,Adware
2636,116546,SMS_Malware
2637,166341,Scareware
2638,37677,Adware
2639,130235,Adware
2640,27881,Adware
2641,10212,Scareware
2642,41187,Adware
2643,176717,SMS_Malware
2644,39,SMS_Malware
2645,116937,Adware
2646,43135,Adware
2647,130990,Adware
2648,124244,SMS_Malware
2649,98677,SMS_Malware
2650,166403,Scareware
2651,4424,Scareware
2652,152262,Scareware
2653,90195,Adware
2654,4013,Scareware
2655,74311,Adware
2656,105332,SMS_Malware
2657,116426,Adware
2658,91125,SMS_Malware
2659,101227,Adware
2660,28774,Adware
2661,113071,Adware
2662,46874,Scareware
2663,126226,Scareware
2664,30565,Benign
2665,66923,Adware
2666,158727,Scareware
2667,6651,SMS_Malware
2668,96975,Scareware
2669,164038,Adware
2670,163880,Adware
2671,124018,Scareware
2672,112236,Adware
2673,156888,Benign
2674,76197,Scareware
2675,149404,SMS_Malware
2676,40011,Scareware
2677,74174,Adware
2678,37886,Adware
2679,166021,Adware
2680,27586,Scareware
2681,86610,SMS_Malware
2682,150048,Adware
2683,160062,Scareware
2684,82860,Scareware
2685,145546,Adware
2686,107179,Adware
2687,170493,Scareware
2688,142970,Adware
2689,95186,Adware
2690,20912,SMS_Malware
2691,167894,SMS_Malware
2692,43129,Adware
2693,107452,SMS_Malware
2694,54246,Adware
2695,51885,Adware
2696,176615,Scareware
2697,75698,Adware
2698,169337,SMS_Malware
2699,137058,SMS_Malware
2700,130012,Benign
2701,6602,Scareware
2702,60519,Adware
2703,151251,Adware
2704,67712,Benign
2705,72898,Adware
2706,135043,Scareware
2707,141843,Adware
2708,6375,SMS_Malware
2709,126923,SMS_Malware
2710,114618,Adware
2711,32241,Scareware
2712,15008,Scareware
2713,140474,SMS_Malware
2714,143391,Adware
2715,60686,Adware
2716,149990,Adware
2717,90258,Adware
2718,87455,Adware
2719,129159,SMS_Malware
2720,131903,Adware
2721,31087,Scareware
2722,103906,Scareware
2723,118062,Adware
2724,89744,Scareware
2725,106550,Adware
2726,33213,SMS_Malware
2727,168043,Scareware
2728,113456,Adware
2729,108009,SMS_Malware
2730,129453,Benign
2731,106938,SMS_Malware
2732,147331,Adware
2733,143746,SMS_Malware
2734,135587,Scareware
2735,110192,SMS_Malware
2736,113450,Adware
2737,73901,Adware
2738,162897,Adware
2739,15362,Adware
2740,142994,Adware
2741,85161,Adware
2742,35340,Scareware
2743,161453,Adware
2744,97276,Adware
2745,157813,Scareware
2746,134586,Scareware
2747,154015,Adware
2748,145300,Adware
2749,155782,SMS_Malware
2750,165491,SMS_Malware
2751,113231,Adware
2752,42658,SMS_Malware
2753,101186,Scareware
2754,4447,Scareware
2755,29891,Adware
2756,45352,Scareware
2757,127031,Scareware
2758,151268,Adware
2759,73826,Scareware
2760,80815,Adware
2761,128551,Scareware
2762,163742,Scareware
2763,117802,Scareware
2764,89675,Scareware
2765,17169,Scareware
2766,109404,SMS_Malware
2767,176717,Adware
2768,75652,SMS_Malware
2769,142599,Benign
2770,171861,SMS_Malware
2771,161466,Scareware
2772,14913,Benign
2773,103283,Adware
2774,20083,Scareware
2775,4534,Scareware
2776,27105,Scareware
2777,92247,Adware
2778,54162,Adware
2779,157901,Scareware
2780,173201,Adware
2781,26585,Scareware
2782,108736,SMS_Malware
2783,109178,SMS_Malware
2784,97567,SMS_Malware
2785,82805,Adware
2786,75094,Scareware
2787,25881,Adware
2788,165688,Adware
2789,156153,Adware
2790,17316,SMS_Malware
2791,78862,Scareware
2792,157485,Scareware
2793,156238,Scareware
2794,4391,SMS_Malware
2795,9639,Scareware
2796,35435,Adware
2797,166599,SMS_Malware
2798,56594,Adware
2799,46770,Adware
2800,144841,Scareware
2801,141060,Scareware
2802,158110,Adware
2803,37755,Scareware
2804,83544,SMS_Malware
2805,6105,Benign
2806,93001,Adware
2807,124664,Scareware
2808,27726,Scareware
2809,79334,SMS_Malware
2810,148395,Scareware
2811,7196,Scareware
2812,18297,Adware
2813,104397,SMS_Malware
2814,163921,Scareware
2815,156568,Benign
2816,174397,Adware
2817,56819,Benign
2818,108079,SMS_Malware
2819,107346,SMS_Malware
2820,129591,Adware
2821,54170,Adware
2822,4510,Benign
2823,82659,Adware
2824,120343,Benign
2825,28042,Scareware
2826,9488,SMS_Malware
2827,35753,Scareware
2828,60916,SMS_Malware
2829,124029,SMS_Malware
2830,29929,Scareware
2831,93655,Adware
2832,41000,Adware
2833,44114,Adware
2834,6218,Scareware
2835,163964,Scareware
2836,35948,Benign
2837,122284,SMS_Malware
2838,107457,Scareware
2839,72323,Scareware
2840,159713,Scareware
2841,49820,SMS_Malware
2842,27702,Scareware
2843,151039,Adware
2844,157972,Benign
2845,136319,SMS_Malware
2846,136135,Scareware
2847,150913,Adware
2848,107111,Adware
2849,10359,Benign
2850,27419,Adware
2851,42353,Scareware
2852,162606,Scareware
2853,97960,Scareware
2854,14171,Scareware
2855,150431,Adware
2856,48829,Adware
2857,121670,SMS_Malware
2858,113556,Adware
2859,22415,Scareware
2860,158152,Scareware
2861,102681,SMS_Malware
2862,128855,Scareware
2863,117624,Scareware
2864,93731,Adware
2865,23814,Benign
2866,151038,Adware
2867,154215,Adware
2868,103930,SMS_Malware
2869,77530,Adware
2870,129404,Benign
2871,152708,Adware
2872,174472,Adware
2873,23109,Scareware
2874,80247,Scareware
2875,29298,Scareware
2876,66316,Benign
2877,127372,Scareware
2878,95260,Scareware
2879,49921,Adware
2880,155606,Benign
2881,150358,Adware
2882,293,SMS_Malware
2883,160361,Scareware
2884,129816,Benign
2885,77432,Scareware
2886,176611,SMS_Malware
2887,82389,Adware
2888,127668,Scareware
2889,140349,Scareware
2890,149408,SMS_Malware
2891,173129,Adware
2892,37186,SMS_Malware
2893,34950,Scareware
2894,151815,Scareware
2895,176717,Adware
2896,41964,Scareware
2897,72151,Adware
2898,63330,Adware
2899,164895,SMS_Malware
2900,67922,Adware
2901,101017,Adware
2902,132101,Adware
2903,44385,Adware
2904,24781,Adware
2905,170226,Adware
2906,144613,Benign
2907,115200,Scareware
2908,95138,Adware
2909,71123,Scareware
2910,154722,SMS_Malware
2911,137542,Adware
2912,144700,SMS_Malware
2913,99102,Adware
2914,4884,Adware
2915,21544,Scareware
2916,171232,Scareware
2917,125285,Scareware
2918,129151,Scareware
2919,22617,Adware
2920,96749,Adware
2921,106156,Adware
2922,143593,Scareware
2923,108239,SMS_Malware
2924,100429,Adware
2925,27324,Scareware
2926,24449,Scareware
2927,32123,Scareware
2928,166511,Adware
2929,117832,Adware
2930,24357,Scareware
2931,38874,Scareware
2932,148552,Benign
2933,121516,SMS_Malware
2934,56061,Scareware
2935,25486,Adware
2936,74284,Adware
2937,22944,Adware
2938,46182,Adware
2939,169331,Adware
2940,73966,Adware
2941,68880,Scareware
2942,142058,Adware
2943,81812,Adware
2944,29930,Scareware
2945,47317,Adware
2946,94000,Adware
2947,40458,Adware
2948,141780,Scareware
2949,113100,Adware
2950,13549,Adware
2951,7726,Adware
2952,129116,SMS_Malware
2953,137627,Scareware
2954,126213,SMS_Malware
2955,1543,SMS_Malware
2956,103670,Scareware
2957,40594,SMS_Malware
2958,99620,SMS_Malware
2959,36074,Adware
2960,172964,Scareware
2961,24721,Benign
2962,85067,Adware
2963,29506,Scareware
2964,147395,Scareware
2965,87232,Adware
2966,79866,Benign
2967,161800,Adware
2968,82488,SMS_Malware
2969,52418,Adware
2970,32404,Scareware
2971,168184,Adware
2972,38950,Adware
2973,20399,Scareware
2974,167488,Adware
2975,96869,Scareware
2976,39772,Adware
2977,94494,Adware
2978,116403,SMS_Malware
2979,92258,Adware
2980,128835,Scareware
2981,164928,SMS_Malware
2982,176795,SMS_Malware
2983,136905,Scareware
2984,30773,Adware
2985,69403,Adware
2986,110865,SMS_Malware
2987,42178,Scareware
2988,75190,Adware
2989,38245,Scareware
2990,39204,Scareware
2991,149361,SMS_Malware
2992,137544,Adware
2993,176717,Scareware
2994,127179,SMS_Malware
2995,173352,Scareware
2996,134974,Adware
2997,59818,Adware
2998,82219,Adware
2999,99995,Adware
3000,38978,Adware
3001,108300,SMS_Malware
3002,176717,Adware
3003,150672,Adware
3004,83317,SMS_Malware
3005,125859,Adware
3006,98007,Scareware
3007,149486,SMS_Malware
3008,41289,Scareware
3009,58364,Adware
3010,12639,Scareware
3011,5635,SMS_Malware
3012,128331,SMS_Malware
3013,41674,SMS_Malware
3014,159710,Scareware
3015,58474,Scareware
3016,109818,SMS_Malware
3017,171387,Scareware
3018,156881,Benign
3019,149796,Adware
3020,103168,Adware
3021,102560,Adware
3022,41614,Adware
3023,146844,Scareware
3024,50945,Adware
3025,139295,SMS_Malware
3026,36374,Scareware
3027,49025,Adware
3028,34262,Scareware
3029,143277,Adware
3030,168164,Adware
3031,115399,Adware
3032,148561,Benign
3033,162851,Adware
3034,127187,Scareware
3035,156696,Scareware
3036,87796,Benign
3037,38240,SMS_Malware
3038,80915,SMS_Malware
3039,124143,SMS_Malware
3040,39109,Scareware
3041,91388,Adware
3042,113224,Adware
3043,150670,Adware
3044,74920,Adware
3045,111788,Adware
3046,31723,Scareware
3047,161969,SMS_Malware
3048,140195,Adware
3049,77852,Benign
3050,70347,Adware
3051,150191,Adware
3052,54047,Scareware
3053,125177,Adware
3054,94656,Scareware
3055,108524,Scareware
3056,91510,Adware
3057,115128,SMS_Malware
3058,43596,Adware
3059,121376,Scareware
3060,74854,Scareware
3061,56205,Adware
3062,34866,Adware
3063,20871,SMS_Malware
3064,65354,SMS_Malware
3065,98865,Scareware
3066,17092,Adware
3067,125641,SMS_Malware
3068,94309,SMS_Malware
3069,151593,Adware
3070,125277,Scareware
3071,112774,Adware
3072,31335,Scareware
3073,55390,Scareware
3074,141342,Adware
3075,127765,SMS_Malware
3076,150565,Adware
3077,170874,Benign
3078,71222,Adware
3079,131806,Adware
3080,136363,Scareware
3081,134422,SMS_Malware
3082,175891,Scareware
3083,81913,Adware
3084,159198,Scareware
3085,93614,Scareware
3086,142570,Scareware
3087,106166,Adware
3088,26472,Scareware
3089,167717,Scareware
3090,17208,SMS_Malware
3091,144367,Adware
3092,11867,Adware
3093,40251,Scareware
3094,123254,Scareware
3095,62438,Adware
3096,36281,SMS_Malware
3097,117130,Scareware
3098,172062,Benign
3099,124772,Scareware
3100,58475,Scareware
3101,74181,Adware
3102,117854,SMS_Malware
3103,162352,Scareware
3104,172342,Scareware
3105,81772,Adware
3106,133291,Scareware
3107,63554,Scareware
3108,41684,Scareware
3109,176717,Adware
3110,117047,Scareware
3111,18841,Scareware
3112,159352,SMS_Malware
3113,87680,Adware
3114,108929,SMS_Malware
3115,122158,Scareware
3116,135348,SMS_Malware
3117,66297,SMS_Malware
3118,71925,SMS_Malware
3119,169652,Benign
3120,92722,Adware
3121,140857,Benign
3122,149639,Adware
3123,7622,Scareware
3124,55228,Adware
3125,43364,Benign
3126,17577,Scareware
3127,150375,Adware
3128,157998,SMS_Malware
3129,84877,Scareware
3130,4010,Scareware
3131,24071,SMS_Malware
3132,145240,Benign
3133,114072,Adware
3134,94420,Scareware
3135,161286,Scareware
3136,7440,Adware
3137,86818,Scareware
3138,110836,Scareware
3139,142177,Adware
3140,169256,Scareware
3141,162454,Scareware
3142,42039,Scareware
3143,123900,Scareware
3144,156818,SMS_Malware
3145,42790,SMS_Malware
3146,97077,Adware
3147,151814,Scareware
3148,104196,Scareware
3149,12731,Scareware
3150,154045,Adware
3151,34501,SMS_Malware
3152,136051,Scareware
3153,118825,Adware
3154,91226,SMS_Malware
3155,85476,Adware
3156,155395,Scareware
3157,94743,Scareware
3158,4667,SMS_Malware
3159,82163,Adware
3160,122656,SMS_Malware
3161,28473,Scareware
3162,98965,Adware
3163,90726,Adware
3164,85987,Adware
3165,113770,SMS_Malware
3166,16133,Adware
3167,60613,Adware
3168,59317,Adware
3169,40736,Scareware
3170,155082,Scareware
3171,113610,Scareware
3172,129324,SMS_Malware
3173,160706,Scareware
3174,90648,Adware
3175,9657,SMS_Malware
3176,100806,Scareware
3177,63062,SMS_Malware
3178,30384,Adware
3179,73165,Benign
3180,154339,SMS_Malware
3181,130622,Benign
3182,64810,Adware
3183,140960,Scareware
3184,31439,SMS_Malware
3185,82578,Adware
3186,76405,SMS_Malware
3187,173657,SMS_Malware
3188,88524,Adware
3189,34154,Adware
3190,100620,Scareware
3191,126305,Scareware
3192,139714,Scareware
3193,158015,Adware
3194,174197,SMS_Malware
3195,65265,Adware
3196,53730,Adware
3197,165925,Scareware
3198,59692,Adware
3199,82938,Adware
3200,104320,Adware
3201,142042,Adware
3202,107418,Scareware
3203,125377,SMS_Malware
3204,129403,Adware
3205,129532,Benign
3206,44507,Scareware
3207,153106,Adware
3208,29839,Scareware
3209,8598,SMS_Malware
3210,166809,Adware
3211,109862,SMS_Malware
3212,17624,Adware
3213,171951,SMS_Malware
3214,66133,Adware
3215,140210,Scareware
3216,176118,Scareware
3217,114011,Adware
3218,52618,Adware
3219,103191,Adware
3220,117418,SMS_Malware
3221,162440,Adware
3222,22029,Scareware
3223,153173,SMS_Malware
3224,29856,Scareware
3225,61105,Benign
3226,157951,Scareware
3227,39412,Benign
3228,168119,Scareware
3229,103420,SMS_Malware
3230,136098,SMS_Malware
3231,47249,SMS_Malware
3232,120841,Adware
3233,107620,SMS_Malware
3234,98687,Scareware
3235,34091,Adware
3236,149425,Adware
3237,127821,SMS_Malware
3238,96362,Adware
3239,49433,Scareware
3240,137146,Scareware
3241,26755,Scareware
3242,134597,Adware
3243,83271,Adware
3244,33891,Scareware
3245,26282,Scareware
3246,84865,Scareware
3247,127828,SMS_Malware
3248,494,SMS_Malware
3249,133209,SMS_Malware
3250,66270,Adware
3251,96583,Adware
3252,30631,Scareware
3253,143973,Benign
3254,16099,Scareware
3255,151856,Adware
3256,129159,SMS_Malware
3257,71718,Adware
3258,27628,Scareware
3259,53866,Adware
3260,78508,Adware
3261,48905,SMS_Malware
3262,104865,Scareware
3263,93983,Adware
3264,40519,Scareware
3265,40728,Scareware
3266,22796,Scareware
3267,88024,Scareware
3268,23331,Scareware
3269,106581,Adware
3270,138143,Adware
3271,144377,Scareware
3272,45609,Scareware
3273,136543,Adware
3274,125024,Adware
3275,43102,Adware
3276,20047,Scareware
3277,26681,Benign
3278,82389,Adware
3279,90632,Scareware
3280,28154,Adware
3281,128443,SMS_Malware
3282,18279,Scareware
3283,34387,Scareware
3284,8967,SMS_Malware
3285,91291,Adware
3286,41050,Scareware
3287,87529,Scareware
3288,94999,Adware
3289,106661,Adware
3290,65324,Adware
3291,63373,Adware
3292,106692,Adware
3293,29250,Adware
3294,157933,Scareware
3295,55701,Adware
3296,162236,Benign
3297,41580,Adware
3298,147053,Benign
3299,141011,Benign
3300,47648,Scareware
3301,97969,Scareware
3302,73950,Adware
3303,120394,Benign
3304,53669,Adware
3305,109983,SMS_Malware
3306,104628,Adware
3307,108077,SMS_Malware
3308,96437,Adware
3309,142177,Adware
3310,39867,Adware
3311,163739,Adware
3312,91627,Adware
3313,167604,SMS_Malware
3314,32145,Scareware
3315,132574,SMS_Malware
3316,72906,Adware
3317,25902,Adware
3318,28229,Scareware
3319,109947,SMS_Malware
3320,91848,SMS_Malware
3321,58682,SMS_Malware
3322,13542,SMS_Malware
3323,31092,Scareware
3324,98115,Scareware
3325,115474,Adware
3326,169512,Scareware
3327,8728,SMS_Malware
3328,769,SMS_Malware
3329,154049,SMS_Malware
3330,132263,Scareware
3331,128384,SMS_Malware
3332,168627,Benign
3333,165053,SMS_Malware
3334,32085,SMS_Malware
3335,10524,Scareware
3336,149258,Benign
3337,130472,Adware
3338,103157,Adware
3339,172712,Scareware
3340,22816,Scareware
3341,34901,Adware
3342,129017,Adware
3343,88720,Adware
3344,78111,Adware
3345,24937,SMS_Malware
3346,51028,Adware
3347,69113,Scareware
3348,120618,Adware
3349,151381,Scareware
3350,162634,Benign
3351,170033,Scareware
3352,28641,Scareware
3353,38541,SMS_Malware
3354,22682,SMS_Malware
3355,132914,SMS_Malware
3356,42862,Adware
3357,1562,SMS_Malware
3358,15140,Adware
3359,137324,SMS_Malware
3360,55141,Scareware
3361,97151,Adware
3362,124934,SMS_Malware
3363,110416,SMS_Malware
3364,159621,SMS_Malware
3365,141495,Adware
3366,97818,Adware
3367,35877,Adware
3368,126787,SMS_Malware
3369,157128,Adware
3370,148443,Adware
3371,148787,SMS_Malware
3372,92054,Scareware
3373,88168,Adware
3374,143806,Benign
3375,23662,Scareware
3376,166249,Scareware
3377,144032,Adware
3378,171458,Adware
3379,47372,Scareware
3380,105516,SMS_Malware
3381,169776,Scareware
3382,64791,Adware
3383,131933,Benign
3384,83552,SMS_Malware
3385,27178,SMS_Malware
3386,68413,SMS_Malware
3387,138802,Scareware
3388,128816,Adware
3389,94016,Scareware
3390,165506,SMS_Malware
3391,62457,Benign
3392,155626,Benign
3393,15333,Adware
3394,165301,Benign
3395,33416,Adware
3396,168842,SMS_Malware
3397,101210,Benign
3398,34098,Adware
3399,79543,Adware
3400,164223,Scareware
3401,125364,SMS_Malware
3402,146490,SMS_Malware
3403,97047,Scareware
3404,21534,Scareware
3405,87637,Scareware
3406,150658,Adware
3407,81606,Adware
3408,5000,Scareware
3409,150881,Adware
3410,169334,Scareware
3411,84531,Adware
3412,86462,Scareware
3413,62581,Scareware
3414,44768,Adware
3415,35588,Scareware
3416,116104,SMS_Malware
3417,136516,SMS_Malware
3418,129260,SMS_Malware
3419,129452,Adware
3420,141536,SMS_Malware
3421,156798,Adware
3422,155755,Scareware
3423,113212,Adware
3424,33111,SMS_Malware
3425,123050,Adware
3426,167491,Adware
3427,32543,SMS_Malware
3428,28665,Adware
3429,118797,Adware
3430,114117,SMS_Malware
3431,22255,Adware
3432,106497,Adware
3433,73296,Scareware
3434,150356,Adware
3435,37210,Scareware
3436,44732,Adware
3437,92714,Adware
3438,33445,SMS_Malware
3439,167641,Adware
3440,34275,Adware
3441,75583,Adware
3442,107716,SMS_Malware
3443,90489,Adware
3444,104438,Benign
3445,114815,SMS_Malware
3446,112214,Adware
3447,170918,Adware
3448,31449,Adware
3449,102946,Adware
3450,146711,Scareware
3451,62248,Adware
3452,28815,Scareware
3453,35381,Adware
3454,136166,Scareware
3455,75043,Scareware
3456,88790,Adware
3457,160816,Adware
3458,89166,Adware
3459,146257,Scareware
3460,61917,Scareware
3461,36413,Scareware
3462,101267,Scareware
3463,79133,Adware
3464,150049,Adware
3465,139667,Scareware
3466,138076,Scareware
3467,11054,Benign
3468,169019,Scareware
3469,91661,Benign
3470,64445,Adware
3471,118045,Adware
3472,60458,SMS_Malware
3473,50884,Scareware
3474,95189,Adware
3475,99620,SMS_Malware
3476,108729,SMS_Malware
3477,136079,Scareware
3478,26479,Scareware
3479,33746,Benign
3480,42831,Benign
3481,173629,Scareware
3482,129264,SMS_Malware
3483,80632,Adware
3484,85955,Adware
3485,94339,Scareware
3486,32188,Adware
3487,31619,Adware
3488,78423,SMS_Malware
3489,77476,Adware
3490,64328,Adware
3491,139090,Adware
3492,138742,Scareware
3493,28814,SMS_Malware
3494,87643,Scareware
3495,123831,Scareware
3496,11421,Benign
3497,57587,Scareware
3498,24575,SMS_Malware
3499,95800,Adware
3500,176717,Scareware
3501,120099,Adware
3502,129064,Scareware
3503,151891,Adware
3504,121266,Scareware
3505,132302,SMS_Malware
3506,24538,SMS_Malware
3507,132207,Adware
3508,117421,SMS_Malware
3509,17541,Scareware
3510,110300,SMS_Malware
3511,29155,Adware
3512,3109,SMS_Malware
3513,27091,Scareware
3514,79940,Scareware
3515,10465,Scareware
3516,101242,Scareware
3517,150357,Adware
3518,5672,Adware
3519,7512,Scareware
3520,164072,Adware
3521,92468,Scareware
3522,35380,Adware
3523,89596,Adware
3524,121739,Scareware
3525,120780,Scareware
3526,120803,Scareware
3527,35512,SMS_Malware
3528,130873,Adware
3529,41000,Adware
3530,24528,Adware
3531,108853,SMS_Malware
3532,26434,Scareware
3533,84378,Adware
3534,139152,Adware
3535,123969,SMS_Malware
3536,102064,Scareware
3537,60285,Adware
3538,83346,Benign
3539,121784,Adware
3540,111608,Adware
3541,174035,Scareware
3542,156621,Adware
3543,160383,Scareware
3544,103224,SMS_Malware
3545,102316,Scareware
3546,97764,Adware
3547,99136,Scareware
3548,83491,Adware
3549,70228,Scareware
3550,93142,Adware
3551,19778,Scareware
3552,55699,Scareware
3553,169934,SMS_Malware
3554,123339,Scareware
3555,10611,Adware
3556,25211,Benign
